url,label,source
http://nguyenminhhoangc.github.io/test/,1,OpenPhish
http://s117x.xyz/,1,OpenPhish
https://netflix-clone-olive-ten.vercel.app/,1,OpenPhish
https://mial.suport-apple.cloud/signIn/jp-ja/shop/TP4fUx7y6/,1,OpenPhish
https://acc.muralhasolene.pt/Latine_promo/auth/cancel.php,1,OpenPhish
http://pacificar-ec.webcindario.com/,1,OpenPhish
https://suport-apple.lol/signIn/jp-ja/shop/TP4fUx7y6/,1,OpenPhish
https://amzn.openinapp.link/xhzx1,1,OpenPhish
https://netflix-clone-eight-teal.vercel.app/,1,OpenPhish
https://amzn.openinapp.link/6cg4d,1,OpenPhish
https://aumentoultra34.s3.us-east-005.backblazeb2.com/aumento.html,1,OpenPhish
https://odirleidesenhos.com.br/site/Contact/colliction/Tracking/billing.php/,1,OpenPhish
https://amzn.openinapp.link/fkmbs,1,OpenPhish
https://jodeartio2as3-begfdhhuhhe2bnbq.z02.azurefd.net/,1,OpenPhish
https://customer-sp-ines.pages.dev/help/contact/548547764391286/,1,OpenPhish
https://live-ldger.framer.wiki/,1,OpenPhish
http://www.65866.xyz/,1,OpenPhish
https://truea1u83ust5rsjdhbckjsxjd-cwdtaretbsc3gbb7.z03.azurefd.net/,1,OpenPhish
http://saksham1122a.github.io/Netflix-Clone,1,OpenPhish
https://ugeduecversity.iceiy.com/?i=1,1,OpenPhish
https://webledgerlive.wixstudio.com/en-us,1,OpenPhish
https://baskbntr-shop.club/,1,OpenPhish
http://gifts-events.cfd/id=5947221648,1,OpenPhish
https://u.to/d2V7Ig,1,OpenPhish
https://mitamxsklogun.gitbook.io/,1,OpenPhish
https://p213a.xyz/,1,OpenPhish
https://a130i.xyz/,1,OpenPhish
https://madandas01.github.io/amazon-clone/,1,OpenPhish
https://aryatambe.github.io/Amazon-Clone/,1,OpenPhish
https://www.robiox.com.py/users/232633265728/profile,1,OpenPhish
https://patrimonioa.s3.us-east-005.backblazeb2.com/aumento.html,1,OpenPhish
https://mohdshadav.github.io/Amazon-Clone-Project1/,1,OpenPhish
https://jeanholanda.github.io/streaming-landing-page/,1,OpenPhish
https://dpd.boxrouter.cfd/com/,1,OpenPhish
https://dpd.packpanelr.cfd/com/,1,OpenPhish
https://aumentoja01.s3.us-east-005.backblazeb2.com/aumento.html,1,OpenPhish
http://www.dpdlocary.fun/com/,1,OpenPhish
http://www.dpdlocaip.online/com/,1,OpenPhish
http://www.dpdlocaeq.cyou/com/,1,OpenPhish
http://pay.energyboostcare.com/paypal/zqxvrmzd.html,1,OpenPhish
http://www.virtualnextpartner.com/m/login/,1,OpenPhish
http://www.zmelto.cfd/KJHGFVBNMOIUYTYRF/OIUYTRERTYUIOMNBVC/WERTYUIOPCVBNMMNB/CVBNJKLKJHGFUYTSGW/Mac/utility.php,1,OpenPhish
http://www.zmelto.cfd/KJHGFVBNMOIUYTYRF/OIUYTRERTYUIOMNBVC/WERTYUIOPCVBNMMNB/CVBNJKLKJHGFUYTSGW/,1,OpenPhish
https://roblox.mq/users/8910444649/profile,1,OpenPhish
http://www.dpdlocarg.autos/com/,1,OpenPhish
http://www.virtualnextpartner.com/m/,1,OpenPhish
http://www.sultoneff.id/owa.auth.logo.aspx,1,OpenPhish
http://www.sultoneff.id/owa.auth.logo.aspx/,1,OpenPhish
https://bejewelled-platypus-ee0700.netlify.app/,1,OpenPhish
http://www.ratingworkingaccount.id/m/register/,1,OpenPhish
http://www.qualityrepresentacao.com/app.html,1,OpenPhish
http://www.verysupsemtimehelppv.site/282/,1,OpenPhish
http://dpd.packrouter.cfd/com/,1,OpenPhish
http://dpd.trackcorehub.cfd/com/,1,OpenPhish
http://dpd.packsignalr.cfd/com/,1,OpenPhish
http://dpd.shipnetcore.cfd/com/,1,OpenPhish
https://office.rfqquotation.workers.dev/veri?ref=8bbe1e5e-e599-4870-b595-c02f4512bfed,1,OpenPhish
http://www.oftonlineoffice.online/12/,1,OpenPhish
http://emagrecimento4.vercel.app/of.html,1,OpenPhish
http://spiffy-daffodil-357fdf.netlify.app/home/,1,OpenPhish
http://dpd.boxtrailr.cfd/com/,1,OpenPhish
http://dpd.parcelstationhub.cfd/com/,1,OpenPhish
http://dpd.releloni.cfd/com/,1,OpenPhish
http://dpd.releloti.cfd/com/,1,OpenPhish
http://dpd.deliverygamma.cfd/com/,1,OpenPhish
http://dpd.shipultra.cfd/com/,1,OpenPhish
http://dpd.trackbeta.cfd/com/,1,OpenPhish
http://dpd.parcelgridzone.cfd/com/,1,OpenPhish
http://dpd.boxpointr.cfd/com/,1,OpenPhish
http://dpd.nexelena.cfd/com/,1,OpenPhish
http://filesharee76.s3.eu-north-1.amazonaws.com/sharedocumentlive.html,1,OpenPhish
http://dpd.boxflowr.cfd/com/,1,OpenPhish
http://dpd.shipentryr.cfd/com/,1,OpenPhish
http://dpd.shipbasehub.cfd/com/,1,OpenPhish
http://dpd.packpointr.cfd/com/,1,OpenPhish
http://dpd.deliverybeta.cfd/com/,1,OpenPhish
http://dpd.boxpanelr.cfd/com/,1,OpenPhish
http://dpd.boxmoverx.cfd/com/,1,OpenPhish
http://aramex.iloadsite.click/53941644693/,1,OpenPhish
http://dpd.parcelstayld.bond/com/,1,OpenPhish
http://dpd.parcelstaycq.bond/com/,1,OpenPhish
http://dpd.shipmarkr.cfd/com,1,OpenPhish
http://www.dpdlocaie.cyou/com,1,OpenPhish
https://steamcommumity.click/facepunch/rust/dlc/jungle?z=v2q,1,OpenPhish
https://dpd.shipbayx.cfd/com/,1,OpenPhish
https://roblox.com.ge/users/2700886303/profile,1,OpenPhish
http://dpd.relelora.cfd/com,1,OpenPhish
http://sukkie12.github.io/inf/,1,OpenPhish
http://supportings.github.io/x,1,OpenPhish
http://sukkie12.github.io/hzds/,1,OpenPhish
http://fille-bit.github.io/xfnni/,1,OpenPhish
http://fille-bit.github.io/xfini/,1,OpenPhish
https://p84v-4cdn-twbk.dgardner-allergyasthmanetwork-org-s-account.workers.dev/87004a0a3dbd2ff6?email=target@example.com/,1,OpenPhish
https://p84v-4cdn-twbk.dgardner-allergyasthmanetwork-org-s-account.workers.dev/ba323276cfc26cef?email=3mail@a.b.c0/,1,OpenPhish
https://p84v-4cdn-twbk.dgardner-allergyasthmanetwork-org-s-account.workers.dev/ee253c837298bf58?email=3mail%40a.b.c0,1,OpenPhish
https://p84v-4cdn-twbk.dgardner-allergyasthmanetwork-org-s-account.workers.dev/?email=3mail@a.b.c0,1,OpenPhish
https://jfja-vy75-607y.elaine-titotiberti-com-s-account.workers.dev/71e45350025cdf84?email=a,1,OpenPhish
https://index-4k9.henry-rummenigge-com-s-account.workers.dev/1be6e32b8faff678,1,OpenPhish
https://docusign-auth-docusign-com.dporozok.workers.dev/b7d324fb888a34be,1,OpenPhish
https://docusign-k7l.roxanne-jspelectrical-com-s-account.workers.dev/1d9eb27089d97132,1,OpenPhish
https://docusign-auth-docusign-com.dporozok.workers.dev/a7ad1b842427ef2a,1,OpenPhish
https://jfja-vy75-607y.elaine-titotiberti-com-s-account.workers.dev/5ca8753f48250e9d?email=,1,OpenPhish
https://58a5-rfki-yn4n.adobe-signature-sharedoc-mail-com-s-account.workers.dev/326301268b4a2ac7?email=a/,1,OpenPhish
https://15le-f8yg-k4f9.daniellepanabaker4-outlook-com-s-account.workers.dev/0x69d3c2d3fe397724fe099fa6/om/1775575020/,1,OpenPhish
https://docusign-auth-docusign-com.dporozok.workers.dev/619f0a2a7f9df7bf,1,OpenPhish
https://docusign-k7l.roxanne-jspelectrical-com-s-account.workers.dev/a0a2439625db5b97,1,OpenPhish
https://676l-jiqm-2xra.adobe-signature-shared-doc-required-mail-com-s-account.workers.dev/33dc4bc7d0e7ec21?email=a/$%7BuserEmail%7D,1,OpenPhish
https://jfja-vy75-607y.elaine-titotiberti-com-s-account.workers.dev/50,1,OpenPhish
https://docusign-ac3.christina-parsons-charter-comm-com-s-account.workers.dev/e234e5a038efd248,1,OpenPhish
https://docusign-k7l.roxanne-jspelectrical-com-s-account.workers.dev/b6f02d995385a0b2,1,OpenPhish
https://jfja-vy75-607y.elaine-titotiberti-com-s-account.workers.dev/508252af4ac5239d?email=a,1,OpenPhish
https://15le-f8yg-k4f9.daniellepanabaker4-outlook-com-s-account.workers.dev/0x69d3c2d3fe397724fe099fa6/om/1775574744/,1,OpenPhish
https://docusign-k7l.roxanne-jspelectrical-com-s-account.workers.dev/0e4467c961d95c40,1,OpenPhish
https://docusign-k7l.roxanne-jspelectrical-com-s-account.workers.dev/158145404bd3273f,1,OpenPhish
https://docusign-k7l.roxanne-jspelectrical-com-s-account.workers.dev/aa51c0fe84b7305e,1,OpenPhish
https://docusign-k7l.roxanne-jspelectrical-com-s-account.workers.dev/6,1,OpenPhish
https://membersurvey.wasmer.app/,1,OpenPhish
https://4q9s-88wy-caec.office-hensoncontractor-com-s-account.workers.dev/a0299c3a85223e47?email=%7B%7Bemail%7D%7D,1,OpenPhish
http://member27febreview-931b1.wasmer.app/vitosov,1,OpenPhish
http://respondresputory.wasmer.app/foreman/,1,OpenPhish
https://membercertemessage-8da45.wasmer.app/,1,OpenPhish
https://respondresputory.wasmer.app/,1,OpenPhish
http://nfcucustomerdone.wasmer.app/radiocanada,1,OpenPhish
https://reformemessage.wasmer.app/,1,OpenPhish
http://membersurvey.wasmer.app/primetrustfcu,1,OpenPhish
http://member27febreview-931b1.wasmer.app/hostedbyinfocast,1,OpenPhish
http://welcomenotice.wasmer.app/sperene,1,OpenPhish
http://minds.wasmer.app/,1,OpenPhish
http://mainsubject.wasmer.app/mbna,1,OpenPhish
http://eventremindermain.wasmer.app/,1,OpenPhish
http://confederationmain.wasmer.app/,1,OpenPhish
http://ellen.wasmer.app/betfanatics,1,OpenPhish
http://ellen.wasmer.app/my-site,1,OpenPhish
http://iuy-grder4.wasmer.app/,1,OpenPhish
http://gtr-gfeer.wasmer.app/sigchina,1,OpenPhish
http://ellen.wasmer.app/,1,OpenPhish
http://gtr-gfeer.wasmer.app/artifacthealth,1,OpenPhish
http://page-loginledgr.pages.dev/,1,OpenPhish
https://login-ldgre-io.pages.dev/,1,OpenPhish
https://legdrse-i-us.pages.dev/,1,OpenPhish
https://ledge-live-io-loginn.pages.dev/,1,OpenPhish
https://lives-log-in.pages.dev/,1,OpenPhish
http://log-in-ldgrelive.pages.dev/,1,OpenPhish
https://learn-apps-lives-logi.pages.dev/,1,OpenPhish
https://iihe5-867o9-8ysn-jsd6.pages.dev/note/,1,OpenPhish
http://26g8x-k11bk-2y38-uouy.pages.dev/,1,OpenPhish
https://gscsr-thk37-7vv6-sisp.pages.dev/,1,OpenPhish
http://jnndq-ykxa0-38i0-n3io.pages.dev/,1,OpenPhish
http://eir-pra-biz-bap-rri-sp6ct3.pages.dev/heartily_welcome/,1,OpenPhish
http://d6xzk-392yh-r4jz-ogb7.pages.dev/,1,OpenPhish
https://od4to-fjt23-yyba-68y8.pages.dev/note/,1,OpenPhish
https://prelix-klavor-biz-hendix-grentor-sp7ct12.pages.dev/heartily_welcome?id=904373562762611&page_name=LIVE%20Creator%20Networks/,1,OpenPhish
http://rdf9z-fu77s-py5v-nhdm.pages.dev/,1,OpenPhish
https://z2xhv-dpgu8-ozl5-rgf8.pages.dev/,1,OpenPhish
https://kxiw3-x1r3r-z8a4-1bgj.pages.dev/note/,1,OpenPhish
http://percussao-musiikki-barrio-valvula.pages.dev/,1,OpenPhish
https://percussao-musiikki-barrio-valvula.pages.dev/note/,1,OpenPhish
https://historia-dialogo-cidade-ritmo.pages.dev/note/,1,OpenPhish
http://yhteistyo-cultura-furadeira-kulttuuri.pages.dev/,1,OpenPhish
https://silver-river.pages.dev/meta_for_business/*/,1,OpenPhish
https://9d6it-0xo74-rtx0-f7nh.pages.dev/note/,1,OpenPhish
https://mwq04-oql7n-np07-haap.pages.dev/,1,OpenPhish
https://yhteistyo-cultura-furadeira-kulttuuri.pages.dev/note/,1,OpenPhish
https://cantor-aani-guitarra-eje.pages.dev/note/,1,OpenPhish
https://velixo-biz-lenvax-29126.pages.dev/c9x2m-7bp-k4t8v-3ls?id=979059881952362&page_name=Daa'uus%20Online%20Electronics,1,OpenPhish
https://barixo-biz-quantel-29126.pages.dev/c9x2m-7bp-k4t8v-3ls?id=913345188529384&page_name=Stylish%20Brows%20&%20Beauty,1,OpenPhish
https://xalvo-remti-biz-kopra-zenlo-sp21ct3.pages.dev/:::,1,OpenPhish
https://mwq04-oql7n-np07-haap.pages.dev/note/,1,OpenPhish
https://davon-rixa-biz-sapru-zxdf22526w-pranex.pages.dev/c9x2m-7bp-k4t8v-3ls?id=1014351605088926&page_name=Horoskopai%20AI/,1,OpenPhish
http://9d6it-0xo74-rtx0-f7nh.pages.dev/,1,OpenPhish
https://dpd.trackupx.cfd/com/,1,OpenPhish
http://cache.netflix.com.regarstore.interncloud.xyz/v3/signin/identifier?continue=https%3A%2F%2Faccounts.google.com%2F&dsh=S-117334882%3A1775770221526844&followup=https%3A%2F%2Faccounts.google.com%2F&passive=1209600&flowName=WebLiteSignIn&flowEntry=ServiceLogin&ifkv=AT1y2_VCh65MxyaNx8t7gXpUCyMtEpHnD8WFwNfs9Bk860ilUJfl7EziBZGULRSrU4y_CJQscH0X,1,OpenPhish
http://cache.netflix.com.regarstore.interncloud.xyz/,1,OpenPhish
https://roblox.com.ge/users/258927107/profile,1,OpenPhish
http://cordovanoguera.com/wp-includes/l10n/gr/home.php,1,OpenPhish
http://georgia.splitr.llc/dps/,1,OpenPhish
http://news.cistronixperu.com/rs3/login.php,1,OpenPhish
https://www.stilladventurestyle.com/crstrenght/cb/vsl3/v3/?affiliate=blitzad&tid=111333003,1,OpenPhish
https://www.robiox.com.py/users/180726417284/profile,1,OpenPhish
http://layaanfromzdanan.formatsnew.biz.id/,1,OpenPhish
http://propertyid91692.com/2494721694,1,OpenPhish
https://www.robiox.com.py/users/282335113127/profile,1,OpenPhish
http://www.61396.xyz/,1,OpenPhish
http://steh-cpu.github.io/Cloneflix,1,OpenPhish
https://www.xfinitywebmail.vercel.app/,1,OpenPhish
http://xfinitywebmail.vercel.app/,1,OpenPhish
http://65805.xyz/,1,OpenPhish
http://hammadbaloch-9.github.io/Facebook,1,OpenPhish
http://65890.xyz/,1,OpenPhish
https://dpd.traxloro.cfd/com/,1,OpenPhish
https://netflix-clone-delta-red-23.vercel.app/,1,OpenPhish
https://shreyagupta-123-png.github.io/Netflix-Clone/,1,OpenPhish
https://mahyar-bandegie82.github.io/amazon-project/,1,OpenPhish
https://tanishk404.github.io/Netflix-Login-clone/,1,OpenPhish
https://karan11-chidar.github.io/netflix-webpage/,1,OpenPhish
https://ngaymoiroius.netlify.app/?lang=sv,1,OpenPhish
https://my-site-106156-106288.weeblysite.com/,1,OpenPhish
http://artoken-vuvuzela90001-docviewer.jroot.workers.dev/,1,OpenPhish
https://trappinne-weiffepug-f2d177.pages.dev/account-support.html/,1,OpenPhish
https://www.att.verintefm.com/och/25F95DF875ECA1C508DE935775B29A667E,1,OpenPhish
https://www.att.verintefm.com/se/25F95DF875ECA1C508DE935775B29A667E,1,OpenPhish
https://accountsubscriptionpayment.spoitfyaccount.com/,1,OpenPhish
http://mritunjay121003.github.io/netflix_clone-,1,OpenPhish
https://vishnu-d98.github.io/Static-Spotify/,1,OpenPhish
https://project-one-lake.vercel.app/,1,OpenPhish
https://aadityayadav333.github.io/NetflixIndia/,1,OpenPhish
https://aman003-prog.github.io/Netflix-Clone/,1,OpenPhish
https://camilinhaparis.github.io/Project_Spotify/,1,OpenPhish
https://cloudmail00.standard.us-east-1.oortstorages.com/inv1.ht,1,OpenPhish
https://star.inh.workers.dev/7epyvdkcayugenjbycrknawybcexwrnqbdruiihlih=/,1,OpenPhish
https://ukextreme.github.io/Netflix-Clone/,1,OpenPhish
https://satyamsharma95653-debug.github.io/Netflix-Clone/,1,OpenPhish
https://gauravv110197.github.io/NetflixUIClone/,1,OpenPhish
https://www.sinalizeflow.online/,1,OpenPhish
https://tilakacharya13.github.io/NETFLIX/,1,OpenPhish
https://gestaodevias.com/,1,OpenPhish
https://www.robiox.com.ua/login?returnUrl=5785739071693437,1,OpenPhish
https://www.robiox.com.ua/communities/3226257580/xytthus-refund,1,OpenPhish
https://chodidurgaprasad37.github.io/Amz.clone/,1,OpenPhish
https://gautamjassi3115.github.io/Amazon-Clone/,1,OpenPhish
https://samueldpeter2006-tech.github.io/Project-Netflix/,1,OpenPhish
https://aaryj.github.io/Netflix_frontend/,1,OpenPhish
https://aysha-7.github.io/netflix-clone/,1,OpenPhish
https://flyerpoints.net/qantas/,1,OpenPhish
https://pub-ea66fe1b3c8e4757bafadfb9728b159c.r2.dev/index.html,1,OpenPhish
https://accounts.bmwweb.cz/en/login,1,OpenPhish
https://free-antivir.us/s/63BZGFSVBWSFCDX7Y9/584dd8/90eab167-7429-489f-99f6-ce86e8d0d81a,1,OpenPhish
https://site-wdx62f81w.godaddysites.com/,1,OpenPhish
https://krishnasoni231.github.io/Netflix-Clone/,1,OpenPhish
https://bafybeiguc2wldadcecll4xc5ikl6xkbl2vb5tu4pq2vmr6prjcls4oogiy.ipfs.dweb.link/edef.html/,1,OpenPhish
https://not8syq7.ridistrict.com/,1,OpenPhish
https://ipfs.io/ipfs/bafybeihjv4wi4umloi2auma7l6jst3eksds34imttfjeb65b2vvafvkh4e/rtyyy.htm/,1,OpenPhish
https://anchal-pal.github.io/netflix-clone/,1,OpenPhish
https://akhil777-j.github.io/net_task/,1,OpenPhish
https://account-recovery-process-google.com/,1,OpenPhish
https://devsanchita.github.io/Clone-Example-Site/,1,OpenPhish
https://asyncprabh.github.io/Netflix-Clone/,1,OpenPhish
https://mtxaccshomecnfrm0log.github.io/confirm.html,1,OpenPhish
https://www.streamcami.net/,1,OpenPhish
https://akash-muddhana.github.io/Amazon-clone/,1,OpenPhish
https://login-ndex-io.pages.dev/,1,OpenPhish
https://sujalanerao.github.io/Netflix-Clone-UI/,1,OpenPhish
https://rishit-jha-cyber.github.io/Netflix-clone-project/,1,OpenPhish
https://pooja-bhoite.github.io/Netflix-clone/,1,OpenPhish
https://trust.com.wallet.com.lmqgdo.com/,1,OpenPhish
https://mansi-html.github.io/online-store-clone/,1,OpenPhish
https://netflix-kh-one.vercel.app/,1,OpenPhish
https://netflixclone-git-main-alstonchan.vercel.app/,1,OpenPhish
https://allhrgroup.com/s/63BZGFSVBWSFCDX7Y9/584dd8/90eab167-7429-489f-99f6-ce86e8d0d81a,1,OpenPhish
https://abhishek040906.github.io/img/,1,OpenPhish
https://adhil-max.github.io/netflix-clone-project/,1,OpenPhish
https://netflix-clone-zeta-gules.vercel.app/,1,OpenPhish
https://atharv28112004.github.io/Amazon-Clone/,1,OpenPhish
https://login.facilities-communications.com/s/63BZGFSVBWSFCDX7Y9/584dd8/90eab167-7429-489f-99f6-ce86e8d0d81a,1,OpenPhish
https://ayushi3003.github.io/netflixclo/,1,OpenPhish
https://pc1380.ecardalert.com/s/63BZGFSVBWSFCDX7Y9/584dd8/90eab167-7429-489f-99f6-ce86e8d0d81a,1,OpenPhish
https://135461223.site/zh-cn/458/8383ea4e-5dc8-44fb-8782-b4e722363630/718521/x,1,OpenPhish
https://135461223.site/pl/479/045f9361-816c-4968-998a-4b769c213d3f/729727/x,1,OpenPhish
https://dammrow.github.io/https-Dammrow.github.io-Netflix/,1,OpenPhish
https://michelbranche.github.io/Netflix-Mockup/,1,OpenPhish
https://abindevpm.github.io/website-clone/,1,OpenPhish
https://roblox.com.et/communities/355927512960/4LC_RIVALS,1,OpenPhish
https://roblox.com.ge/users/4091258055/profile,1,OpenPhish
https://ipfs.io/ipfs/bafkreidtim6v5iavxgb4xgtrb536cbezh46qz7o77cew7qog6o4w5g5kzm/,1,OpenPhish
https://roblox.mq/users/3559861236/profile,1,OpenPhish
https://robiox.com.af/communities/9045768761/,1,OpenPhish
https://roblox.com.ge/users/9867795875/profile,1,OpenPhish
https://roblox.com.ge/communities/8968530915/Preppy,1,OpenPhish
https://gowtham9384.github.io/Netfilx_Clone/,1,OpenPhish
https://ayush-ad-14.github.io/Project-1/,1,OpenPhish
https://roblox.com.ge/games/16355564772/Rentable-Apartment?privateServerLinkCode=53378460353582683397159241646845,1,OpenPhish
https://roblox.com.ge/users/7710732844/profile,1,OpenPhish
https://bafybeiehcvedf3comafxuz6kt2s4zuswrcq6oxffnsvl6wpm7dawy245te.ipfs.dweb.link/voor.html/,1,OpenPhish
https://verifypass.pw/s/63BZGFSVBWSFCDX7Y9/584dd8/90eab167-7429-489f-99f6-ce86e8d0d81a,1,OpenPhish
https://roblox.com.ge/users/9448591933/profile,1,OpenPhish
https://aanchalshah2007.github.io/amazon_homepage_clone/,1,OpenPhish
https://hameed-codes.github.io/Netflix-Clone/,1,OpenPhish
https://shrishtikumarii.github.io/netflix-clone/,1,OpenPhish
https://roblox.net.pk/games/109983668079237/Steal-a-Brainrot?privateServerLinkCode=04080319816982537738182349224808,1,OpenPhish
https://chaitanya-963.github.io/Netflix-clone/,1,OpenPhish
https://srishanthreddyv.github.io/Netflixclone/,1,OpenPhish
https://bdslocksmiths.com.au/wp-content/shelsea/1/1/lsesion.php?c4e0e4e3118472beeb2ae75827450f1f,1,OpenPhish
https://roblox.com.ge/users/1119602805/profile,1,OpenPhish
https://www.robiox.com.py/users/377169018736/profile,1,OpenPhish
https://roblox.com.ge/users/6738369441/profile,1,OpenPhish
https://netflix-clone-k25l.vercel.app/,1,OpenPhish
https://roblox.com.ge/games/73956553001240/UPD-Volleyball-Legends?privateServerLinkCode=67551875787232539428103914657607,1,OpenPhish
https://adityahiremath449.github.io/netflix-clone/,1,OpenPhish
https://ipfs.io/ipfs/QmZcBAKpQ9j99XkBExQnmgvxDpCvBgz8i8UpyjYtFdjjdR/nbs.htm,1,OpenPhish
https://discreetencryption.com/s/63BZGFSVBWSFCDX7Y9/584dd8/90eab167-7429-489f-99f6-ce86e8d0d81a,1,OpenPhish
https://roblox.com.ge/users/769766447/profile,1,OpenPhish
https://roblox.com.ge/users/4702063413/profile,1,OpenPhish
https://robiox.com.af/games/126884695634066/Grow-a-Garden?privateServerLinkCode=75951990659327571657650018749347,1,OpenPhish
https://robiox.com.af/games/102168567330694/Character-Talk?privateServerLinkCode=62583343838870495819073944005911,1,OpenPhish
https://verificarmail61.webcindario.com/,1,OpenPhish
https://roblox.gf/games/85624299453503/Ro63-Classic?privateServerLinkCode=48881275122524132810139051512659,1,OpenPhish
https://yash880888.github.io/NETFLIX/,1,OpenPhish
https://nisha-interiors.com/plalatom/jpn/webmai1/index.php,1,OpenPhish
https://your-blockfi.webflow.io/,1,OpenPhish
https://halgergg.github.io/ser/,1,OpenPhish
https://gate-check.honeupwar.in.net/05fe317c-0981-4de2-bc8a-930d369db441/ck-3d80df5d12cdfe6450a782fc87bf66b444.google,1,URLhaus
https://hub-relay.honeupwar.in.net/05fe317c-0981-4de2-bc8a-930d369db441/ck-3d80df5d12cdfe6450a782fc87bf66b444.google,1,URLhaus
https://hone-svc.honeupwar.in.net/05fe317c-0981-4de2-bc8a-930d369db441/ck-3d80df5d12cdfe6450a782fc87bf66b444.google,1,URLhaus
http://122.191.182.209:57195/i,1,URLhaus
https://up-vault.honeupwar.in.net/05fe317c-0981-4de2-bc8a-930d369db441/ck-3d80df5d12cdfe6450a782fc87bf66b444.google,1,URLhaus
https://war-node.honeupwar.in.net/05fe317c-0981-4de2-bc8a-930d369db441/ck-3d80df5d12cdfe6450a782fc87bf66b444.google,1,URLhaus
http://112.255.209.142:43329/i,1,URLhaus
https://set-api.honeupwar.in.net/05fe317c-0981-4de2-bc8a-930d369db441/ck-3d80df5d12cdfe6450a782fc87bf66b444.google,1,URLhaus
http://27.215.179.0:55199/i,1,URLhaus
https://gate-node.pampushkatimp.in.net/05fe317c-0981-4de2-bc8a-930d369db441/ck-3d80df5d12cdfe6450a782fc87bf66b444.google,1,URLhaus
https://menu-hub.pampushkatimp.in.net/05fe317c-0981-4de2-bc8a-930d369db441/ck-3d80df5d12cdfe6450a782fc87bf66b444.google,1,URLhaus
https://pamp-svc.pampushkatimp.in.net/05fe317c-0981-4de2-bc8a-930d369db441/ck-3d80df5d12cdfe6450a782fc87bf66b444.google,1,URLhaus
http://182.119.229.66:49082/i,1,URLhaus
http://122.191.182.209:57195/bin.sh,1,URLhaus
http://42.229.221.54:40260/i,1,URLhaus
https://timp-vault.pampushkatimp.in.net/05fe317c-0981-4de2-bc8a-930d369db441/ck-3d80df5d12cdfe6450a782fc87bf66b444.google,1,URLhaus
https://cook-node.pampushkatimp.in.net/05fe317c-0981-4de2-bc8a-930d369db441/ck-3d80df5d12cdfe6450a782fc87bf66b444.google,1,URLhaus
http://27.215.179.0:55199/bin.sh,1,URLhaus
https://food-api.pampushkatimp.in.net/05fe317c-0981-4de2-bc8a-930d369db441/ck-3d80df5d12cdfe6450a782fc87bf66b444.google,1,URLhaus
http://112.248.160.182:44053/bin.sh,1,URLhaus
https://gate-api.againstvisitor.in.net/05fe317c-0981-4de2-bc8a-930d369db441/ck-3d80df5d12cdfe6450a782fc87bf66b444.google,1,URLhaus
http://112.255.209.142:43329/bin.sh,1,URLhaus
https://host-hub.againstvisitor.in.net/05fe317c-0981-4de2-bc8a-930d369db441/ck-3d80df5d12cdfe6450a782fc87bf66b444.google,1,URLhaus
http://123.53.111.132:46052/i,1,URLhaus
http://119.189.213.101:51421/bin.sh,1,URLhaus
https://safe-svc.againstvisitor.in.net/05fe317c-0981-4de2-bc8a-930d369db441/ck-3d80df5d12cdfe6450a782fc87bf66b444.google,1,URLhaus
https://visit-vault.againstvisitor.in.net/05fe317c-0981-4de2-bc8a-930d369db441/ck-3d80df5d12cdfe6450a782fc87bf66b444.google,1,URLhaus
https://guest-node.againstvisitor.in.net/05fe317c-0981-4de2-bc8a-930d369db441/ck-3d80df5d12cdfe6450a782fc87bf66b444.google,1,URLhaus
http://42.233.166.218:53675/i,1,URLhaus
https://stay-api.againstvisitor.in.net/05fe317c-0981-4de2-bc8a-930d369db441/ck-3d80df5d12cdfe6450a782fc87bf66b444.google,1,URLhaus
http://39.90.151.154:45258/i,1,URLhaus
http://220.202.91.133:50681/bin.sh,1,URLhaus
http://110.36.89.2:46272/i,1,URLhaus
https://root-gate.obsessivescum.in.net/05fe317c-0981-4de2-bc8a-930d369db441/ck-3d80df5d12cdfe6450a782fc87bf66b444.google,1,URLhaus
http://115.56.170.143:33252/i,1,URLhaus
http://123.53.111.132:46052/bin.sh,1,URLhaus
https://site-hub.obsessivescum.in.net/05fe317c-0981-4de2-bc8a-930d369db441/ck-3d80df5d12cdfe6450a782fc87bf66b444.google,1,URLhaus
http://42.229.221.54:40260/bin.sh,1,URLhaus
https://task-svc.obsessivescum.in.net/05fe317c-0981-4de2-bc8a-930d369db441/ck-3d80df5d12cdfe6450a782fc87bf66b444.google,1,URLhaus
http://125.43.2.167:43556/i,1,URLhaus
http://125.41.3.240:45000/i,1,URLhaus
https://scum-vault.obsessivescum.in.net/05fe317c-0981-4de2-bc8a-930d369db441/ck-3d80df5d12cdfe6450a782fc87bf66b444.google,1,URLhaus
http://222.137.145.88:40963/i,1,URLhaus
https://focus-node.obsessivescum.in.net/05fe317c-0981-4de2-bc8a-930d369db441/ck-3d80df5d12cdfe6450a782fc87bf66b444.google,1,URLhaus
http://110.36.89.2:46272/bin.sh,1,URLhaus
http://115.56.170.143:33252/bin.sh,1,URLhaus
https://mind-api.obsessivescum.in.net/05fe317c-0981-4de2-bc8a-930d369db441/ck-3d80df5d12cdfe6450a782fc87bf66b444.google,1,URLhaus
http://27.37.115.234:52061/bin.sh,1,URLhaus
http://182.127.179.138:57330/i,1,URLhaus
https://gate-svc.choreograpshrew.in.net/05fe317c-0981-4de2-bc8a-930d369db441/ck-3d80df5d12cdfe6450a782fc87bf66b444.google,1,URLhaus
https://unit-hub.choreograpshrew.in.net/05fe317c-0981-4de2-bc8a-930d369db441/ck-3d80df5d12cdfe6450a782fc87bf66b444.google,1,URLhaus
https://shrew-svc.choreograpshrew.in.net/05fe317c-0981-4de2-bc8a-930d369db441/ck-3d80df5d12cdfe6450a782fc87bf66b444.google,1,URLhaus
http://39.90.151.154:45258/bin.sh,1,URLhaus
https://dance-vault.choreograpshrew.in.net/05fe317c-0981-4de2-bc8a-930d369db441/ck-3d80df5d12cdfe6450a782fc87bf66b444.google,1,URLhaus
http://125.47.57.222:55074/i,1,URLhaus
https://step-node.choreograpshrew.in.net/05fe317c-0981-4de2-bc8a-930d369db441/ck-3d80df5d12cdfe6450a782fc87bf66b444.google,1,URLhaus
http://176.65.139.25/bins/jew.x86,1,URLhaus
http://115.202.183.48:43250/bin.sh,1,URLhaus
http://115.59.234.253:39317/i,1,URLhaus
https://art-api.choreograpshrew.in.net/05fe317c-0981-4de2-bc8a-930d369db441/ck-3d80df5d12cdfe6450a782fc87bf66b444.google,1,URLhaus
http://38.156.90.30:45109/i,1,URLhaus
https://link-gate.symposiumwash.in.net/05fe317c-0981-4de2-bc8a-930d369db441/ck-3d80df5d12cdfe6450a782fc87bf66b444.google,1,URLhaus
http://125.47.222.153:35159/bin.sh,1,URLhaus
https://site-hub.symposiumwash.in.net/05fe317c-0981-4de2-bc8a-930d369db441/ck-3d80df5d12cdfe6450a782fc87bf66b444.google,1,URLhaus
https://clean-svc.symposiumwash.in.net/05fe317c-0981-4de2-bc8a-930d369db441/ck-3d80df5d12cdfe6450a782fc87bf66b444.google,1,URLhaus
http://83.209.254.248:45662/i,1,URLhaus
https://wash-vault.symposiumwash.in.net/05fe317c-0981-4de2-bc8a-930d369db441/ck-3d80df5d12cdfe6450a782fc87bf66b444.google,1,URLhaus
http://120.28.114.23:44897/bin.sh,1,URLhaus
http://61.176.68.96:39370/bin.sh,1,URLhaus
http://115.49.5.94:46851/i,1,URLhaus
https://event-node.symposiumwash.in.net/05fe317c-0981-4de2-bc8a-930d369db441/ck-3d80df5d12cdfe6450a782fc87bf66b444.google,1,URLhaus
http://176.65.139.67/powerpc,1,URLhaus
http://176.65.139.67/sparc,1,URLhaus
http://62.164.130.55/Clipz.arm5,1,URLhaus
http://62.164.130.55/Clipz.spc,1,URLhaus
http://62.164.130.55/Clipz.mpsl,1,URLhaus
http://62.164.130.55/Clipz.arc,1,URLhaus
http://62.164.130.55/Clipz.arm7,1,URLhaus
http://62.164.130.55/Clipz.x86,1,URLhaus
http://62.164.130.55/Clipz.ppc-440fp,1,URLhaus
http://62.164.130.55/Clipz.m68k,1,URLhaus
http://62.164.130.55/Clipz.arm6,1,URLhaus
http://62.164.130.55/Clipz.ppc,1,URLhaus
http://62.164.130.55/Clipz.arm4,1,URLhaus
http://62.164.130.55/Clipz.mips,1,URLhaus
http://62.164.130.55/Clipz.i486,1,URLhaus
http://62.164.130.55/Clipz.i686,1,URLhaus
http://62.164.130.55/Clipz.i586,1,URLhaus
http://62.164.130.55/Clipz.sh4,1,URLhaus
https://talk-api.symposiumwash.in.net/05fe317c-0981-4de2-bc8a-930d369db441/ck-3d80df5d12cdfe6450a782fc87bf66b444.google,1,URLhaus
https://main-gate.athleticscrew.in.net/05fe317c-0981-4de2-bc8a-930d369db441/ck-3d80df5d12cdfe6450a782fc87bf66b444.google,1,URLhaus
http://160.30.142.2:38824/bin.sh,1,URLhaus
http://175.175.107.58:44279/i,1,URLhaus
https://club-hub.athleticscrew.in.net/05fe317c-0981-4de2-bc8a-930d369db441/ck-3d80df5d12cdfe6450a782fc87bf66b444.google,1,URLhaus
http://115.49.127.44:40062/i,1,URLhaus
http://83.209.254.248:45662/bin.sh,1,URLhaus
https://run-svc.athleticscrew.in.net/05fe317c-0981-4de2-bc8a-930d369db441/ck-3d80df5d12cdfe6450a782fc87bf66b444.google,1,URLhaus
http://27.215.48.204:52051/i,1,URLhaus
http://115.49.5.94:46851/bin.sh,1,URLhaus
https://sport-vault.athleticscrew.in.net/05fe317c-0981-4de2-bc8a-930d369db441/ck-3d80df5d12cdfe6450a782fc87bf66b444.google,1,URLhaus
http://175.175.107.58:44279/bin.sh,1,URLhaus
https://crew-node.athleticscrew.in.net/05fe317c-0981-4de2-bc8a-930d369db441/ck-3d80df5d12cdfe6450a782fc87bf66b444.google,1,URLhaus
http://115.55.54.216:60744/bin.sh,1,URLhaus
https://team-api.athleticscrew.in.net/05fe317c-0981-4de2-bc8a-930d369db441/ck-3d80df5d12cdfe6450a782fc87bf66b444.google,1,URLhaus
https://read-gate.hisslytori.in.net/05fe317c-0981-4de2-bc8a-930d369db441/ck-3d80df5d12cdfe6450a782fc87bf66b444.google,1,URLhaus
http://115.49.127.44:40062/bin.sh,1,URLhaus
https://book-hub.hisslytori.in.net/05fe317c-0981-4de2-bc8a-930d369db441/ck-3d80df5d12cdfe6450a782fc87bf66b444.google,1,URLhaus
http://62.164.130.55/O.sh,1,URLhaus
https://text-svc.hisslytori.in.net/05fe317c-0981-4de2-bc8a-930d369db441/ck-3d80df5d12cdfe6450a782fc87bf66b444.google,1,URLhaus
http://178.16.54.109/gold.exe,1,URLhaus
https://page-vault.hisslytori.in.net/05fe317c-0981-4de2-bc8a-930d369db441/ck-3d80df5d12cdfe6450a782fc87bf66b444.google,1,URLhaus
http://90.251.127.200:49949/i,1,URLhaus
https://tale-node.hisslytori.in.net/05fe317c-0981-4de2-bc8a-930d369db441/ck-3d80df5d12cdfe6450a782fc87bf66b444.google,1,URLhaus
https://story-api.hisslytori.in.net/05fe317c-0981-4de2-bc8a-930d369db441/ck-3d80df5d12cdfe6450a782fc87bf66b444.google,1,URLhaus
http://182.121.191.143:42362/i,1,URLhaus
https://gate-node.firstbeasts.in.net/05fe317c-0981-4de2-bc8a-930d369db441/ck-3d80df5d12cdfe6450a782fc87bf66b444.google,1,URLhaus
https://pack-hub.firstbeasts.in.net/05fe317c-0981-4de2-bc8a-930d369db441/ck-3d80df5d12cdfe6450a782fc87bf66b444.google,1,URLhaus
http://90.251.127.200:49949/bin.sh,1,URLhaus
https://alpha-svc.firstbeasts.in.net/05fe317c-0981-4de2-bc8a-930d369db441/ck-3d80df5d12cdfe6450a782fc87bf66b444.google,1,URLhaus
https://beast-vault.firstbeasts.in.net/05fe317c-0981-4de2-bc8a-930d369db441/ck-3d80df5d12cdfe6450a782fc87bf66b444.google,1,URLhaus
https://track-node.firstbeasts.in.net/05fe317c-0981-4de2-bc8a-930d369db441/ck-3d80df5d12cdfe6450a782fc87bf66b444.google,1,URLhaus
https://wild-api.firstbeasts.in.net/05fe317c-0981-4de2-bc8a-930d369db441/ck-3d80df5d12cdfe6450a782fc87bf66b444.google,1,URLhaus
http://182.121.191.143:42362/bin.sh,1,URLhaus
https://tencreek.buildingstab.in.net/05fe317c-0981-4de2-bc8a-930d369db441/ck-3d80df5d12cdfe6450a782fc87bf66b444.google,1,URLhaus
https://ancientpipeline.buildingstab.in.net/05fe317c-0981-4de2-bc8a-930d369db441/ck-3d80df5d12cdfe6450a782fc87bf66b444.google,1,URLhaus
https://trispire1ar.buildingstab.in.net/05fe317c-0981-4de2-bc8a-930d369db441/ck-3d80df5d12cdfe6450a782fc87bf66b444.google,1,URLhaus
http://85.11.167.101/Makefile,1,URLhaus
http://182.183.165.146:41705/i,1,URLhaus
https://sol-lithum.buildingstab.in.net/05fe317c-0981-4de2-bc8a-930d369db441/ck-3d80df5d12cdfe6450a782fc87bf66b444.google,1,URLhaus
http://110.37.15.58:48671/i,1,URLhaus
https://kb0xbi23.buildingstab.in.net/05fe317c-0981-4de2-bc8a-930d369db441/ck-3d80df5d12cdfe6450a782fc87bf66b444.google,1,URLhaus
https://ambe8-trace.buildingstab.in.net/05fe317c-0981-4de2-bc8a-930d369db441/ck-3d80df5d12cdfe6450a782fc87bf66b444.google,1,URLhaus
http://27.211.8.28:51097/i,1,URLhaus
https://inkcoo.selflessrowdy.in.net/05fe317c-0981-4de2-bc8a-930d369db441/ck-3d80df5d12cdfe6450a782fc87bf66b444.google,1,URLhaus
https://genomedeco.selflessrowdy.in.net/05fe317c-0981-4de2-bc8a-930d369db441/ck-3d80df5d12cdfe6450a782fc87bf66b444.google,1,URLhaus
http://182.183.165.146:41705/bin.sh,1,URLhaus
http://182.121.253.4:54201/i,1,URLhaus
https://price-basic.selflessrowdy.in.net/05fe317c-0981-4de2-bc8a-930d369db441/ck-3d80df5d12cdfe6450a782fc87bf66b444.google,1,URLhaus
http://182.121.253.4:54201/bin.sh,1,URLhaus
https://ew59tugm.selflessrowdy.in.net/05fe317c-0981-4de2-bc8a-930d369db441/ck-3d80df5d12cdfe6450a782fc87bf66b444.google,1,URLhaus
http://115.54.135.147:57431/i,1,URLhaus
https://serforgea.selflessrowdy.in.net/05fe317c-0981-4de2-bc8a-930d369db441/ck-3d80df5d12cdfe6450a782fc87bf66b444.google,1,URLhaus
http://219.156.124.121:55488/i,1,URLhaus
https://pqxyg.selflessrowdy.in.net/05fe317c-0981-4de2-bc8a-930d369db441/ck-3d80df5d12cdfe6450a782fc87bf66b444.google,1,URLhaus
http://27.211.8.28:51097/bin.sh,1,URLhaus
http://115.54.135.147:57431/bin.sh,1,URLhaus
https://zigstdj.largechildren.in.net/05fe317c-0981-4de2-bc8a-930d369db441/ck-3d80df5d12cdfe6450a782fc87bf66b444.google,1,URLhaus
https://patternreed.largechildren.in.net/05fe317c-0981-4de2-bc8a-930d369db441/ck-3d80df5d12cdfe6450a782fc87bf66b444.google,1,URLhaus
http://42.87.138.126:34258/bin.sh,1,URLhaus
https://m4r5-scope.largechildren.in.net/05fe317c-0981-4de2-bc8a-930d369db441/ck-3d80df5d12cdfe6450a782fc87bf66b444.google,1,URLhaus
http://123.132.186.172:49888/bin.sh,1,URLhaus
http://117.193.111.194:54440/i,1,URLhaus
http://27.215.48.189:51357/bin.sh,1,URLhaus
https://freshclinic.largechildren.in.net/05fe317c-0981-4de2-bc8a-930d369db441/ck-3d80df5d12cdfe6450a782fc87bf66b444.google,1,URLhaus
http://145.223.68.170/bins/sora.x86,1,URLhaus
http://145.223.68.170/bins/sora.arm5,1,URLhaus
http://145.223.68.170/bins/sora.m68k,1,URLhaus
http://145.223.68.170/bins/sora.arm,1,URLhaus
http://145.223.68.170/bins/sora.arm6,1,URLhaus
http://145.223.68.170/bins/sora.mpsl,1,URLhaus
http://145.223.68.170/bins/sora.mips,1,URLhaus
http://145.223.68.170/bins/sora.arm7,1,URLhaus
http://145.223.68.170/bins/sora.spc,1,URLhaus
http://145.223.68.170/bins/sora.sh4,1,URLhaus
http://182.121.114.247:56362/i,1,URLhaus
https://primesun.largechildren.in.net/05fe317c-0981-4de2-bc8a-930d369db441/ck-3d80df5d12cdfe6450a782fc87bf66b444.google,1,URLhaus
http://42.7.236.21:46174/i,1,URLhaus
http://42.230.41.119:50135/i,1,URLhaus
http://123.11.79.188:32865/i,1,URLhaus
http://42.230.41.119:50135/bin.sh,1,URLhaus
http://182.127.113.244:59310/i,1,URLhaus
http://42.7.236.21:46174/bin.sh,1,URLhaus
https://z55hx.largechildren.in.net/05fe317c-0981-4de2-bc8a-930d369db441/ck-3d80df5d12cdfe6450a782fc87bf66b444.google,1,URLhaus
http://123.11.79.188:32865/bin.sh,1,URLhaus
http://182.127.113.244:59310/bin.sh,1,URLhaus
https://zenlithex.backeddown.in.net/05fe317c-0981-4de2-bc8a-930d369db441/ck-3d80df5d12cdfe6450a782fc87bf66b444.google,1,URLhaus
https://42ck8.backeddown.in.net/05fe317c-0981-4de2-bc8a-930d369db441/ck-3d80df5d12cdfe6450a782fc87bf66b444.google,1,URLhaus
http://182.121.114.247:56362/bin.sh,1,URLhaus
http://219.156.124.121:55488/bin.sh,1,URLhaus
http://62.60.226.159/runer.exe,1,URLhaus
http://62.60.226.159/Ni9n3sIO.exe,1,URLhaus
https://c1ip-signal.backeddown.in.net/05fe317c-0981-4de2-bc8a-930d369db441/ck-3d80df5d12cdfe6450a782fc87bf66b444.google,1,URLhaus
https://matri-node.backeddown.in.net/05fe317c-0981-4de2-bc8a-930d369db441/ck-3d80df5d12cdfe6450a782fc87bf66b444.google,1,URLhaus
http://115.56.153.199:52507/i,1,URLhaus
http://222.142.65.106:55671/i,1,URLhaus
https://3af4dq.backeddown.in.net/05fe317c-0981-4de2-bc8a-930d369db441/ck-3d80df5d12cdfe6450a782fc87bf66b444.google,1,URLhaus
https://vortide5ix.backeddown.in.net/05fe317c-0981-4de2-bc8a-930d369db441/ck-3d80df5d12cdfe6450a782fc87bf66b444.google,1,URLhaus
http://42.231.79.44:50610/i,1,URLhaus
https://ivorysta.technocsnatch.in.net/05fe317c-0981-4de2-bc8a-930d369db441/ck-3d80df5d12cdfe6450a782fc87bf66b444.google,1,URLhaus
http://119.116.32.249:50983/i,1,URLhaus
https://portastora.technocsnatch.in.net/05fe317c-0981-4de2-bc8a-930d369db441/ck-3d80df5d12cdfe6450a782fc87bf66b444.google,1,URLhaus
http://125.42.75.71:46694/i,1,URLhaus
http://222.142.65.106:55671/bin.sh,1,URLhaus
http://125.47.237.161:51635/bin.sh,1,URLhaus
http://115.56.153.199:52507/bin.sh,1,URLhaus
http://119.116.32.249:50983/bin.sh,1,URLhaus
https://biomeharvest.technocsnatch.in.net/05fe317c-0981-4de2-bc8a-930d369db441/ck-3d80df5d12cdfe6450a782fc87bf66b444.google,1,URLhaus
http://182.123.191.32:46174/i,1,URLhaus
https://61cyrs.technocsnatch.in.net/05fe317c-0981-4de2-bc8a-930d369db441/ck-3d80df5d12cdfe6450a782fc87bf66b444.google,1,URLhaus
http://182.124.26.32:34403/bin.sh,1,URLhaus
google.com,0,Tranco_Top_List
naver.com,0,Tranco_Top_List
daum.net,0,Tranco_Top_List
kakao.com,0,Tranco_Top_List
youtube.com,0,Tranco_Top_List
apple.com,0,Tranco_Top_List
github.com,0,Tranco_Top_List
google.com,0,Tranco_Top_List
naver.com,0,Tranco_Top_List
daum.net,0,Tranco_Top_List
kakao.com,0,Tranco_Top_List
youtube.com,0,Tranco_Top_List
apple.com,0,Tranco_Top_List
github.com,0,Tranco_Top_List
google.com,0,Tranco_Top_List
naver.com,0,Tranco_Top_List
daum.net,0,Tranco_Top_List
kakao.com,0,Tranco_Top_List
youtube.com,0,Tranco_Top_List
apple.com,0,Tranco_Top_List
github.com,0,Tranco_Top_List
google.com,0,Tranco_Top_List
naver.com,0,Tranco_Top_List
daum.net,0,Tranco_Top_List
kakao.com,0,Tranco_Top_List
youtube.com,0,Tranco_Top_List
apple.com,0,Tranco_Top_List
github.com,0,Tranco_Top_List
google.com,0,Tranco_Top_List
naver.com,0,Tranco_Top_List
daum.net,0,Tranco_Top_List
kakao.com,0,Tranco_Top_List
youtube.com,0,Tranco_Top_List
apple.com,0,Tranco_Top_List
github.com,0,Tranco_Top_List
google.com,0,Tranco_Top_List
naver.com,0,Tranco_Top_List
daum.net,0,Tranco_Top_List
kakao.com,0,Tranco_Top_List
youtube.com,0,Tranco_Top_List
apple.com,0,Tranco_Top_List
github.com,0,Tranco_Top_List
google.com,0,Tranco_Top_List
naver.com,0,Tranco_Top_List
daum.net,0,Tranco_Top_List
kakao.com,0,Tranco_Top_List
youtube.com,0,Tranco_Top_List
apple.com,0,Tranco_Top_List
github.com,0,Tranco_Top_List
google.com,0,Tranco_Top_List
naver.com,0,Tranco_Top_List
daum.net,0,Tranco_Top_List
kakao.com,0,Tranco_Top_List
youtube.com,0,Tranco_Top_List
apple.com,0,Tranco_Top_List
github.com,0,Tranco_Top_List
google.com,0,Tranco_Top_List
naver.com,0,Tranco_Top_List
daum.net,0,Tranco_Top_List
kakao.com,0,Tranco_Top_List
youtube.com,0,Tranco_Top_List
apple.com,0,Tranco_Top_List
github.com,0,Tranco_Top_List
google.com,0,Tranco_Top_List
naver.com,0,Tranco_Top_List
daum.net,0,Tranco_Top_List
kakao.com,0,Tranco_Top_List
youtube.com,0,Tranco_Top_List
apple.com,0,Tranco_Top_List
github.com,0,Tranco_Top_List
google.com,0,Tranco_Top_List
naver.com,0,Tranco_Top_List
daum.net,0,Tranco_Top_List
kakao.com,0,Tranco_Top_List
youtube.com,0,Tranco_Top_List
apple.com,0,Tranco_Top_List
github.com,0,Tranco_Top_List
google.com,0,Tranco_Top_List
naver.com,0,Tranco_Top_List
daum.net,0,Tranco_Top_List
kakao.com,0,Tranco_Top_List
youtube.com,0,Tranco_Top_List
apple.com,0,Tranco_Top_List
github.com,0,Tranco_Top_List
google.com,0,Tranco_Top_List
naver.com,0,Tranco_Top_List
daum.net,0,Tranco_Top_List
kakao.com,0,Tranco_Top_List
youtube.com,0,Tranco_Top_List
apple.com,0,Tranco_Top_List
github.com,0,Tranco_Top_List
google.com,0,Tranco_Top_List
naver.com,0,Tranco_Top_List
daum.net,0,Tranco_Top_List
kakao.com,0,Tranco_Top_List
youtube.com,0,Tranco_Top_List
apple.com,0,Tranco_Top_List
github.com,0,Tranco_Top_List
google.com,0,Tranco_Top_List
naver.com,0,Tranco_Top_List
daum.net,0,Tranco_Top_List
kakao.com,0,Tranco_Top_List
youtube.com,0,Tranco_Top_List
apple.com,0,Tranco_Top_List
github.com,0,Tranco_Top_List
google.com,0,Tranco_Top_List
naver.com,0,Tranco_Top_List
daum.net,0,Tranco_Top_List
kakao.com,0,Tranco_Top_List
youtube.com,0,Tranco_Top_List
apple.com,0,Tranco_Top_List
github.com,0,Tranco_Top_List
google.com,0,Tranco_Top_List
naver.com,0,Tranco_Top_List
daum.net,0,Tranco_Top_List
kakao.com,0,Tranco_Top_List
youtube.com,0,Tranco_Top_List
apple.com,0,Tranco_Top_List
github.com,0,Tranco_Top_List
google.com,0,Tranco_Top_List
naver.com,0,Tranco_Top_List
daum.net,0,Tranco_Top_List
kakao.com,0,Tranco_Top_List
youtube.com,0,Tranco_Top_List
apple.com,0,Tranco_Top_List
github.com,0,Tranco_Top_List
google.com,0,Tranco_Top_List
naver.com,0,Tranco_Top_List
daum.net,0,Tranco_Top_List
kakao.com,0,Tranco_Top_List
youtube.com,0,Tranco_Top_List
apple.com,0,Tranco_Top_List
github.com,0,Tranco_Top_List
google.com,0,Tranco_Top_List
naver.com,0,Tranco_Top_List
daum.net,0,Tranco_Top_List
kakao.com,0,Tranco_Top_List
youtube.com,0,Tranco_Top_List
apple.com,0,Tranco_Top_List
github.com,0,Tranco_Top_List
google.com,0,Tranco_Top_List
naver.com,0,Tranco_Top_List
daum.net,0,Tranco_Top_List
kakao.com,0,Tranco_Top_List
youtube.com,0,Tranco_Top_List
apple.com,0,Tranco_Top_List
github.com,0,Tranco_Top_List
google.com,0,Tranco_Top_List
naver.com,0,Tranco_Top_List
daum.net,0,Tranco_Top_List
kakao.com,0,Tranco_Top_List
youtube.com,0,Tranco_Top_List
apple.com,0,Tranco_Top_List
github.com,0,Tranco_Top_List
google.com,0,Tranco_Top_List
naver.com,0,Tranco_Top_List
daum.net,0,Tranco_Top_List
kakao.com,0,Tranco_Top_List
youtube.com,0,Tranco_Top_List
apple.com,0,Tranco_Top_List
github.com,0,Tranco_Top_List
google.com,0,Tranco_Top_List
naver.com,0,Tranco_Top_List
daum.net,0,Tranco_Top_List
kakao.com,0,Tranco_Top_List
youtube.com,0,Tranco_Top_List
apple.com,0,Tranco_Top_List
github.com,0,Tranco_Top_List
google.com,0,Tranco_Top_List
naver.com,0,Tranco_Top_List
daum.net,0,Tranco_Top_List
kakao.com,0,Tranco_Top_List
youtube.com,0,Tranco_Top_List
apple.com,0,Tranco_Top_List
github.com,0,Tranco_Top_List
google.com,0,Tranco_Top_List
naver.com,0,Tranco_Top_List
daum.net,0,Tranco_Top_List
kakao.com,0,Tranco_Top_List
youtube.com,0,Tranco_Top_List
apple.com,0,Tranco_Top_List
github.com,0,Tranco_Top_List
google.com,0,Tranco_Top_List
naver.com,0,Tranco_Top_List
daum.net,0,Tranco_Top_List
kakao.com,0,Tranco_Top_List
youtube.com,0,Tranco_Top_List
apple.com,0,Tranco_Top_List
github.com,0,Tranco_Top_List
google.com,0,Tranco_Top_List
naver.com,0,Tranco_Top_List
daum.net,0,Tranco_Top_List
kakao.com,0,Tranco_Top_List
youtube.com,0,Tranco_Top_List
apple.com,0,Tranco_Top_List
github.com,0,Tranco_Top_List
google.com,0,Tranco_Top_List
naver.com,0,Tranco_Top_List
daum.net,0,Tranco_Top_List
kakao.com,0,Tranco_Top_List
youtube.com,0,Tranco_Top_List
apple.com,0,Tranco_Top_List
github.com,0,Tranco_Top_List
google.com,0,Tranco_Top_List
naver.com,0,Tranco_Top_List
daum.net,0,Tranco_Top_List
kakao.com,0,Tranco_Top_List
youtube.com,0,Tranco_Top_List
apple.com,0,Tranco_Top_List
github.com,0,Tranco_Top_List
google.com,0,Tranco_Top_List
naver.com,0,Tranco_Top_List
daum.net,0,Tranco_Top_List
kakao.com,0,Tranco_Top_List
youtube.com,0,Tranco_Top_List
apple.com,0,Tranco_Top_List
github.com,0,Tranco_Top_List
google.com,0,Tranco_Top_List
naver.com,0,Tranco_Top_List
daum.net,0,Tranco_Top_List
kakao.com,0,Tranco_Top_List
youtube.com,0,Tranco_Top_List
apple.com,0,Tranco_Top_List
github.com,0,Tranco_Top_List
google.com,0,Tranco_Top_List
naver.com,0,Tranco_Top_List
daum.net,0,Tranco_Top_List
kakao.com,0,Tranco_Top_List
youtube.com,0,Tranco_Top_List
apple.com,0,Tranco_Top_List
github.com,0,Tranco_Top_List
google.com,0,Tranco_Top_List
naver.com,0,Tranco_Top_List
daum.net,0,Tranco_Top_List
kakao.com,0,Tranco_Top_List
youtube.com,0,Tranco_Top_List
apple.com,0,Tranco_Top_List
github.com,0,Tranco_Top_List
google.com,0,Tranco_Top_List
naver.com,0,Tranco_Top_List
daum.net,0,Tranco_Top_List
kakao.com,0,Tranco_Top_List
youtube.com,0,Tranco_Top_List
apple.com,0,Tranco_Top_List
github.com,0,Tranco_Top_List
google.com,0,Tranco_Top_List
naver.com,0,Tranco_Top_List
daum.net,0,Tranco_Top_List
kakao.com,0,Tranco_Top_List
youtube.com,0,Tranco_Top_List
apple.com,0,Tranco_Top_List
github.com,0,Tranco_Top_List
google.com,0,Tranco_Top_List
naver.com,0,Tranco_Top_List
daum.net,0,Tranco_Top_List
kakao.com,0,Tranco_Top_List
youtube.com,0,Tranco_Top_List
apple.com,0,Tranco_Top_List
github.com,0,Tranco_Top_List
google.com,0,Tranco_Top_List
naver.com,0,Tranco_Top_List
daum.net,0,Tranco_Top_List
kakao.com,0,Tranco_Top_List
youtube.com,0,Tranco_Top_List
apple.com,0,Tranco_Top_List
github.com,0,Tranco_Top_List
google.com,0,Tranco_Top_List
naver.com,0,Tranco_Top_List
daum.net,0,Tranco_Top_List
kakao.com,0,Tranco_Top_List
youtube.com,0,Tranco_Top_List
apple.com,0,Tranco_Top_List
github.com,0,Tranco_Top_List
google.com,0,Tranco_Top_List
naver.com,0,Tranco_Top_List
daum.net,0,Tranco_Top_List
kakao.com,0,Tranco_Top_List
youtube.com,0,Tranco_Top_List
apple.com,0,Tranco_Top_List
github.com,0,Tranco_Top_List
google.com,0,Tranco_Top_List
naver.com,0,Tranco_Top_List
daum.net,0,Tranco_Top_List
kakao.com,0,Tranco_Top_List
youtube.com,0,Tranco_Top_List
apple.com,0,Tranco_Top_List
github.com,0,Tranco_Top_List
google.com,0,Tranco_Top_List
naver.com,0,Tranco_Top_List
daum.net,0,Tranco_Top_List
kakao.com,0,Tranco_Top_List
youtube.com,0,Tranco_Top_List
apple.com,0,Tranco_Top_List
github.com,0,Tranco_Top_List
google.com,0,Tranco_Top_List
naver.com,0,Tranco_Top_List
daum.net,0,Tranco_Top_List
kakao.com,0,Tranco_Top_List
youtube.com,0,Tranco_Top_List
apple.com,0,Tranco_Top_List
github.com,0,Tranco_Top_List
google.com,0,Tranco_Top_List
naver.com,0,Tranco_Top_List
daum.net,0,Tranco_Top_List
kakao.com,0,Tranco_Top_List
youtube.com,0,Tranco_Top_List
apple.com,0,Tranco_Top_List
github.com,0,Tranco_Top_List
google.com,0,Tranco_Top_List
naver.com,0,Tranco_Top_List
daum.net,0,Tranco_Top_List
kakao.com,0,Tranco_Top_List
youtube.com,0,Tranco_Top_List
apple.com,0,Tranco_Top_List
github.com,0,Tranco_Top_List
google.com,0,Tranco_Top_List
naver.com,0,Tranco_Top_List
daum.net,0,Tranco_Top_List
kakao.com,0,Tranco_Top_List
youtube.com,0,Tranco_Top_List
apple.com,0,Tranco_Top_List
github.com,0,Tranco_Top_List
google.com,0,Tranco_Top_List
naver.com,0,Tranco_Top_List
daum.net,0,Tranco_Top_List
kakao.com,0,Tranco_Top_List
youtube.com,0,Tranco_Top_List
apple.com,0,Tranco_Top_List
github.com,0,Tranco_Top_List
google.com,0,Tranco_Top_List
naver.com,0,Tranco_Top_List
daum.net,0,Tranco_Top_List
kakao.com,0,Tranco_Top_List
youtube.com,0,Tranco_Top_List
apple.com,0,Tranco_Top_List
github.com,0,Tranco_Top_List
google.com,0,Tranco_Top_List
naver.com,0,Tranco_Top_List
daum.net,0,Tranco_Top_List
kakao.com,0,Tranco_Top_List
youtube.com,0,Tranco_Top_List
apple.com,0,Tranco_Top_List
github.com,0,Tranco_Top_List
google.com,0,Tranco_Top_List
naver.com,0,Tranco_Top_List
daum.net,0,Tranco_Top_List
kakao.com,0,Tranco_Top_List
youtube.com,0,Tranco_Top_List
apple.com,0,Tranco_Top_List
github.com,0,Tranco_Top_List
google.com,0,Tranco_Top_List
naver.com,0,Tranco_Top_List
daum.net,0,Tranco_Top_List
kakao.com,0,Tranco_Top_List
youtube.com,0,Tranco_Top_List
apple.com,0,Tranco_Top_List
github.com,0,Tranco_Top_List
google.com,0,Tranco_Top_List
naver.com,0,Tranco_Top_List
daum.net,0,Tranco_Top_List
kakao.com,0,Tranco_Top_List
youtube.com,0,Tranco_Top_List
apple.com,0,Tranco_Top_List
github.com,0,Tranco_Top_List
google.com,0,Tranco_Top_List
naver.com,0,Tranco_Top_List
daum.net,0,Tranco_Top_List
kakao.com,0,Tranco_Top_List
youtube.com,0,Tranco_Top_List
apple.com,0,Tranco_Top_List
github.com,0,Tranco_Top_List
google.com,0,Tranco_Top_List
naver.com,0,Tranco_Top_List
daum.net,0,Tranco_Top_List
kakao.com,0,Tranco_Top_List
youtube.com,0,Tranco_Top_List
apple.com,0,Tranco_Top_List
github.com,0,Tranco_Top_List
google.com,0,Tranco_Top_List
naver.com,0,Tranco_Top_List
daum.net,0,Tranco_Top_List
kakao.com,0,Tranco_Top_List
youtube.com,0,Tranco_Top_List
apple.com,0,Tranco_Top_List
github.com,0,Tranco_Top_List
google.com,0,Tranco_Top_List
naver.com,0,Tranco_Top_List
daum.net,0,Tranco_Top_List
kakao.com,0,Tranco_Top_List
youtube.com,0,Tranco_Top_List
apple.com,0,Tranco_Top_List
github.com,0,Tranco_Top_List
google.com,0,Tranco_Top_List
naver.com,0,Tranco_Top_List
daum.net,0,Tranco_Top_List
kakao.com,0,Tranco_Top_List
youtube.com,0,Tranco_Top_List
apple.com,0,Tranco_Top_List
github.com,0,Tranco_Top_List
google.com,0,Tranco_Top_List
naver.com,0,Tranco_Top_List
daum.net,0,Tranco_Top_List
kakao.com,0,Tranco_Top_List
youtube.com,0,Tranco_Top_List
apple.com,0,Tranco_Top_List
github.com,0,Tranco_Top_List
google.com,0,Tranco_Top_List
naver.com,0,Tranco_Top_List
daum.net,0,Tranco_Top_List
kakao.com,0,Tranco_Top_List
youtube.com,0,Tranco_Top_List
apple.com,0,Tranco_Top_List
github.com,0,Tranco_Top_List
google.com,0,Tranco_Top_List
naver.com,0,Tranco_Top_List
daum.net,0,Tranco_Top_List
kakao.com,0,Tranco_Top_List
youtube.com,0,Tranco_Top_List
apple.com,0,Tranco_Top_List
github.com,0,Tranco_Top_List
google.com,0,Tranco_Top_List
naver.com,0,Tranco_Top_List
daum.net,0,Tranco_Top_List
kakao.com,0,Tranco_Top_List
youtube.com,0,Tranco_Top_List
apple.com,0,Tranco_Top_List
github.com,0,Tranco_Top_List
google.com,0,Tranco_Top_List
naver.com,0,Tranco_Top_List
daum.net,0,Tranco_Top_List
kakao.com,0,Tranco_Top_List
youtube.com,0,Tranco_Top_List
apple.com,0,Tranco_Top_List
github.com,0,Tranco_Top_List
google.com,0,Tranco_Top_List
naver.com,0,Tranco_Top_List
daum.net,0,Tranco_Top_List
kakao.com,0,Tranco_Top_List
youtube.com,0,Tranco_Top_List
apple.com,0,Tranco_Top_List
github.com,0,Tranco_Top_List
google.com,0,Tranco_Top_List
naver.com,0,Tranco_Top_List
daum.net,0,Tranco_Top_List
kakao.com,0,Tranco_Top_List
youtube.com,0,Tranco_Top_List
apple.com,0,Tranco_Top_List
github.com,0,Tranco_Top_List
google.com,0,Tranco_Top_List
naver.com,0,Tranco_Top_List
daum.net,0,Tranco_Top_List
kakao.com,0,Tranco_Top_List
youtube.com,0,Tranco_Top_List
apple.com,0,Tranco_Top_List
github.com,0,Tranco_Top_List
google.com,0,Tranco_Top_List
naver.com,0,Tranco_Top_List
daum.net,0,Tranco_Top_List
kakao.com,0,Tranco_Top_List
youtube.com,0,Tranco_Top_List
apple.com,0,Tranco_Top_List
github.com,0,Tranco_Top_List
google.com,0,Tranco_Top_List
naver.com,0,Tranco_Top_List
daum.net,0,Tranco_Top_List
kakao.com,0,Tranco_Top_List
youtube.com,0,Tranco_Top_List
apple.com,0,Tranco_Top_List
github.com,0,Tranco_Top_List
google.com,0,Tranco_Top_List
naver.com,0,Tranco_Top_List
daum.net,0,Tranco_Top_List
kakao.com,0,Tranco_Top_List
youtube.com,0,Tranco_Top_List
apple.com,0,Tranco_Top_List
github.com,0,Tranco_Top_List
google.com,0,Tranco_Top_List
naver.com,0,Tranco_Top_List
daum.net,0,Tranco_Top_List
kakao.com,0,Tranco_Top_List
youtube.com,0,Tranco_Top_List
apple.com,0,Tranco_Top_List
github.com,0,Tranco_Top_List
google.com,0,Tranco_Top_List
naver.com,0,Tranco_Top_List
daum.net,0,Tranco_Top_List
kakao.com,0,Tranco_Top_List
youtube.com,0,Tranco_Top_List
apple.com,0,Tranco_Top_List
github.com,0,Tranco_Top_List
google.com,0,Tranco_Top_List
naver.com,0,Tranco_Top_List
daum.net,0,Tranco_Top_List
kakao.com,0,Tranco_Top_List
youtube.com,0,Tranco_Top_List
apple.com,0,Tranco_Top_List
github.com,0,Tranco_Top_List
google.com,0,Tranco_Top_List
naver.com,0,Tranco_Top_List
daum.net,0,Tranco_Top_List
